process,flavour,nbjet,total_bins,exact_bins,high_nb_bins,nb_inclusive_bins,global_bins
ttBB,b,nb0,18,0,0,0,18
ttBB,b,nb1,18,17,0,1,0
ttBB,b,nb2,18,18,0,0,0
ttBB,b,nb3,18,18,0,0,0
ttBB,b,nb4p,18,18,0,0,0
ttBB,c,nb0,18,16,0,2,0
ttBB,c,nb1,18,18,0,0,0
ttBB,c,nb2,18,18,0,0,0
ttBB,c,nb3,18,18,0,0,0
ttBB,c,nb4p,18,18,0,0,0
ttBB,light,nb0,18,16,0,2,0
ttBB,light,nb1,18,18,0,0,0
ttBB,light,nb2,18,18,0,0,0
ttBB,light,nb3,18,18,0,0,0
ttBB,light,nb4p,18,18,0,0,0
ttCC,b,nb0,18,0,0,0,18
ttCC,b,nb1,18,18,0,0,0
ttCC,b,nb2,18,18,0,0,0
ttCC,b,nb3,18,17,0,1,0
ttCC,b,nb4p,18,13,4,1,0
ttCC,c,nb0,18,18,0,0,0
ttCC,c,nb1,18,18,0,0,0
ttCC,c,nb2,18,18,0,0,0
ttCC,c,nb3,18,17,0,1,0
ttCC,c,nb4p,18,11,6,1,0
ttCC,light,nb0,18,18,0,0,0
ttCC,light,nb1,18,18,0,0,0
ttCC,light,nb2,18,18,0,0,0
ttCC,light,nb3,18,17,0,1,0
ttCC,light,nb4p,18,6,11,1,0
ttLF,b,nb0,18,0,0,0,18
ttLF,b,nb1,18,18,0,0,0
ttLF,b,nb2,18,18,0,0,0
ttLF,b,nb3,18,17,0,1,0
ttLF,b,nb4p,18,15,2,1,0
ttLF,c,nb0,18,18,0,0,0
ttLF,c,nb1,18,18,0,0,0
ttLF,c,nb2,18,18,0,0,0
ttLF,c,nb3,18,17,0,1,0
ttLF,c,nb4p,18,13,4,1,0
ttLF,light,nb0,18,18,0,0,0
ttLF,light,nb1,18,18,0,0,0
ttLF,light,nb2,18,18,0,0,0
ttLF,light,nb3,18,18,0,0,0
ttLF,light,nb4p,18,14,4,0,0
